date,geography,indicator,value
1961-01,Canada,Gross domestic product at market prices,363923.0
1961-04,Canada,Gross domestic product at market prices,373138.0
1961-07,Canada,Gross domestic product at market prices,382218.0
1961-10,Canada,Gross domestic product at market prices,387418.0
1962-01,Canada,Gross domestic product at market prices,397727.0
1962-04,Canada,Gross domestic product at market prices,400888.0
1962-07,Canada,Gross domestic product at market prices,406015.0
1962-10,Canada,Gross domestic product at market prices,413982.0
1963-01,Canada,Gross domestic product at market prices,416607.0
1963-04,Canada,Gross domestic product at market prices,422666.0
1963-07,Canada,Gross domestic product at market prices,425878.0
1963-10,Canada,Gross domestic product at market prices,439206.0
1964-01,Canada,Gross domestic product at market prices,450201.0
1964-04,Canada,Gross domestic product at market prices,451887.0
1964-07,Canada,Gross domestic product at market prices,456710.0
1964-10,Canada,Gross domestic product at market prices,459001.0
1965-01,Canada,Gross domestic product at market prices,473602.0
1965-04,Canada,Gross domestic product at market prices,477938.0
1965-07,Canada,Gross domestic product at market prices,484608.0
1965-10,Canada,Gross domestic product at market prices,496485.0
1966-01,Canada,Gross domestic product at market prices,506146.0
1966-04,Canada,Gross domestic product at market prices,517072.0
1966-07,Canada,Gross domestic product at market prices,516825.0
1966-10,Canada,Gross domestic product at market prices,523230.0
1967-01,Canada,Gross domestic product at market prices,522051.0
1967-04,Canada,Gross domestic product at market prices,532927.0
1967-07,Canada,Gross domestic product at market prices,534607.0
1967-10,Canada,Gross domestic product at market prices,536936.0
1968-01,Canada,Gross domestic product at market prices,541513.0
1968-04,Canada,Gross domestic product at market prices,556071.0
1968-07,Canada,Gross domestic product at market prices,563816.0
1968-10,Canada,Gross domestic product at market prices,571623.0
1969-01,Canada,Gross domestic product at market prices,579449.0
1969-04,Canada,Gross domestic product at market prices,581833.0
1969-07,Canada,Gross domestic product at market prices,588288.0
1969-10,Canada,Gross domestic product at market prices,596601.0
1970-01,Canada,Gross domestic product at market prices,600288.0
1970-04,Canada,Gross domestic product at market prices,600338.0
1970-07,Canada,Gross domestic product at market prices,606551.0
1970-10,Canada,Gross domestic product at market prices,607472.0
1971-01,Canada,Gross domestic product at market prices,604347.0
1971-04,Canada,Gross domestic product at market prices,621993.0
1971-07,Canada,Gross domestic product at market prices,639182.0
1971-10,Canada,Gross domestic product at market prices,646168.0
1972-01,Canada,Gross domestic product at market prices,644006.0
1972-04,Canada,Gross domestic product at market prices,662263.0
1972-07,Canada,Gross domestic product at market prices,664228.0
1972-10,Canada,Gross domestic product at market prices,679830.0
1973-01,Canada,Gross domestic product at market prices,697278.0
1973-04,Canada,Gross domestic product at market prices,703930.0
1973-07,Canada,Gross domestic product at market prices,707203.0
1973-10,Canada,Gross domestic product at market prices,720247.0
1974-01,Canada,Gross domestic product at market prices,726208.0
1974-04,Canada,Gross domestic product at market prices,733657.0
1974-07,Canada,Gross domestic product at market prices,733798.0
1974-10,Canada,Gross domestic product at market prices,729975.0
1975-01,Canada,Gross domestic product at market prices,725998.0
1975-04,Canada,Gross domestic product at market prices,735312.0
1975-07,Canada,Gross domestic product at market prices,749419.0
1975-10,Canada,Gross domestic product at market prices,758091.0
1976-01,Canada,Gross domestic product at market prices,771302.0
1976-04,Canada,Gross domestic product at market prices,787935.0
1976-07,Canada,Gross domestic product at market prices,791573.0
1976-10,Canada,Gross domestic product at market prices,792852.0
1977-01,Canada,Gross domestic product at market prices,805013.0
1977-04,Canada,Gross domestic product at market prices,809121.0
1977-07,Canada,Gross domestic product at market prices,813877.0
1977-10,Canada,Gross domestic product at market prices,826774.0
1978-01,Canada,Gross domestic product at market prices,833914.0
1978-04,Canada,Gross domestic product at market prices,839590.0
1978-07,Canada,Gross domestic product at market prices,847422.0
1978-10,Canada,Gross domestic product at market prices,855457.0
1979-01,Canada,Gross domestic product at market prices,862282.0
1979-04,Canada,Gross domestic product at market prices,873721.0
1979-07,Canada,Gross domestic product at market prices,880126.0
1979-10,Canada,Gross domestic product at market prices,886031.0
1980-01,Canada,Gross domestic product at market prices,892183.0
1980-04,Canada,Gross domestic product at market prices,891793.0
1980-07,Canada,Gross domestic product at market prices,891052.0
1980-10,Canada,Gross domestic product at market prices,903381.0
1981-01,Canada,Gross domestic product at market prices,922843.0
1981-04,Canada,Gross domestic product at market prices,932933.0
1981-07,Canada,Gross domestic product at market prices,924545.0
1981-10,Canada,Gross domestic product at market prices,920293.0
1982-01,Canada,Gross domestic product at market prices,909761.0
1982-04,Canada,Gross domestic product at market prices,899287.0
1982-07,Canada,Gross domestic product at market prices,891312.0
1982-10,Canada,Gross domestic product at market prices,883087.0
1983-01,Canada,Gross domestic product at market prices,897519.0
1983-04,Canada,Gross domestic product at market prices,915225.0
1983-07,Canada,Gross domestic product at market prices,925507.0
1983-10,Canada,Gross domestic product at market prices,937013.0
1984-01,Canada,Gross domestic product at market prices,953242.0
1984-04,Canada,Gross domestic product at market prices,971741.0
1984-07,Canada,Gross domestic product at market prices,975919.0
1984-10,Canada,Gross domestic product at market prices,991150.0
1985-01,Canada,Gross domestic product at market prices,1006378.0
1985-04,Canada,Gross domestic product at market prices,1009615.0
1985-07,Canada,Gross domestic product at market prices,1022432.0
1985-10,Canada,Gross domestic product at market prices,1038020.0
1986-01,Canada,Gross domestic product at market prices,1037494.0
1986-04,Canada,Gross domestic product at market prices,1043457.0
1986-07,Canada,Gross domestic product at market prices,1044769.0
1986-10,Canada,Gross domestic product at market prices,1037206.0
1987-01,Canada,Gross domestic product at market prices,1061180.0
1987-04,Canada,Gross domestic product at market prices,1074774.0
1987-07,Canada,Gross domestic product at market prices,1091195.0
1987-10,Canada,Gross domestic product at market prices,1105292.0
1988-01,Canada,Gross domestic product at market prices,1121396.0
1988-04,Canada,Gross domestic product at market prices,1131347.0
1988-07,Canada,Gross domestic product at market prices,1131515.0
1988-10,Canada,Gross domestic product at market prices,1139280.0
1989-01,Canada,Gross domestic product at market prices,1152444.0
1989-04,Canada,Gross domestic product at market prices,1156927.0
1989-07,Canada,Gross domestic product at market prices,1161104.0
1989-10,Canada,Gross domestic product at market prices,1158793.0
1990-01,Canada,Gross domestic product at market prices,1169937.0
1990-04,Canada,Gross domestic product at market prices,1165243.0
1990-07,Canada,Gross domestic product at market prices,1156892.0
1990-10,Canada,Gross domestic product at market prices,1146591.0
1991-01,Canada,Gross domestic product at market prices,1130096.0
1991-04,Canada,Gross domestic product at market prices,1135520.0
1991-07,Canada,Gross domestic product at market prices,1137026.0
1991-10,Canada,Gross domestic product at market prices,1139024.0
1992-01,Canada,Gross domestic product at market prices,1139828.0
1992-04,Canada,Gross domestic product at market prices,1141127.0
1992-07,Canada,Gross domestic product at market prices,1147308.0
1992-10,Canada,Gross domestic product at market prices,1153845.0
1993-01,Canada,Gross domestic product at market prices,1161171.0
1993-04,Canada,Gross domestic product at market prices,1171748.0
1993-07,Canada,Gross domestic product at market prices,1182954.0
1993-10,Canada,Gross domestic product at market prices,1188014.0
1994-01,Canada,Gross domestic product at market prices,1205531.0
1994-04,Canada,Gross domestic product at market prices,1223130.0
1994-07,Canada,Gross domestic product at market prices,1238811.0
1994-10,Canada,Gross domestic product at market prices,1247810.0
1995-01,Canada,Gross domestic product at market prices,1259275.0
1995-04,Canada,Gross domestic product at market prices,1259810.0
1995-07,Canada,Gross domestic product at market prices,1261475.0
1995-10,Canada,Gross domestic product at market prices,1266566.0
1996-01,Canada,Gross domestic product at market prices,1268404.0
1996-04,Canada,Gross domestic product at market prices,1277434.0
1996-07,Canada,Gross domestic product at market prices,1288163.0
1996-10,Canada,Gross domestic product at market prices,1298369.0
1997-01,Canada,Gross domestic product at market prices,1315766.0
1997-04,Canada,Gross domestic product at market prices,1330573.0
1997-07,Canada,Gross domestic product at market prices,1346347.0
1997-10,Canada,Gross domestic product at market prices,1359358.0
1998-01,Canada,Gross domestic product at market prices,1378552.0
1998-04,Canada,Gross domestic product at market prices,1379282.0
1998-07,Canada,Gross domestic product at market prices,1391850.0
1998-10,Canada,Gross domestic product at market prices,1410709.0
1999-01,Canada,Gross domestic product at market prices,1436180.0
1999-04,Canada,Gross domestic product at market prices,1448025.0
1999-07,Canada,Gross domestic product at market prices,1470722.0
1999-10,Canada,Gross domestic product at market prices,1491326.0
2000-01,Canada,Gross domestic product at market prices,1514676.0
2000-04,Canada,Gross domestic product at market prices,1532503.0
2000-07,Canada,Gross domestic product at market prices,1548212.0
2000-10,Canada,Gross domestic product at market prices,1551274.0
2001-01,Canada,Gross domestic product at market prices,1560006.0
2001-04,Canada,Gross domestic product at market prices,1564912.0
2001-07,Canada,Gross domestic product at market prices,1563812.0
2001-10,Canada,Gross domestic product at market prices,1573191.0
2002-01,Canada,Gross domestic product at market prices,1596194.0
2002-04,Canada,Gross domestic product at market prices,1605625.0
2002-07,Canada,Gross domestic product at market prices,1619509.0
2002-10,Canada,Gross domestic product at market prices,1628404.0
2003-01,Canada,Gross domestic product at market prices,1637464.0
2003-04,Canada,Gross domestic product at market prices,1635089.0
2003-07,Canada,Gross domestic product at market prices,1641202.0
2003-10,Canada,Gross domestic product at market prices,1652484.0
2004-01,Canada,Gross domestic product at market prices,1664500.0
2004-04,Canada,Gross domestic product at market prices,1684222.0
2004-07,Canada,Gross domestic product at market prices,1704135.0
2004-10,Canada,Gross domestic product at market prices,1716434.0
2005-01,Canada,Gross domestic product at market prices,1722445.0
2005-04,Canada,Gross domestic product at market prices,1734894.0
2005-07,Canada,Gross domestic product at market prices,1755919.0
2005-10,Canada,Gross domestic product at market prices,1773358.0
2006-01,Canada,Gross domestic product at market prices,1787756.0
2006-04,Canada,Gross domestic product at market prices,1788650.0
2006-07,Canada,Gross domestic product at market prices,1793685.0
2006-10,Canada,Gross domestic product at market prices,1800828.0
2007-01,Canada,Gross domestic product at market prices,1812321.0
2007-04,Canada,Gross domestic product at market prices,1829823.0
2007-07,Canada,Gross domestic product at market prices,1836679.0
2007-10,Canada,Gross domestic product at market prices,1839093.0
2008-01,Canada,Gross domestic product at market prices,1840473.0
2008-04,Canada,Gross domestic product at market prices,1847179.0
2008-07,Canada,Gross domestic product at market prices,1862358.0
2008-10,Canada,Gross domestic product at market prices,1840749.0
2009-01,Canada,Gross domestic product at market prices,1799211.0
2009-04,Canada,Gross domestic product at market prices,1779803.0
2009-07,Canada,Gross domestic product at market prices,1787763.0
2009-10,Canada,Gross domestic product at market prices,1808535.0
2010-01,Canada,Gross domestic product at market prices,1830446.0
2010-04,Canada,Gross domestic product at market prices,1840031.0
2010-07,Canada,Gross domestic product at market prices,1852912.0
2010-10,Canada,Gross domestic product at market prices,1873698.0
2011-01,Canada,Gross domestic product at market prices,1887968.0
2011-04,Canada,Gross domestic product at market prices,1891395.0
2011-07,Canada,Gross domestic product at market prices,1917274.0
2011-10,Canada,Gross domestic product at market prices,1932511.0
2012-01,Canada,Gross domestic product at market prices,1933731.0
2012-04,Canada,Gross domestic product at market prices,1940017.0
2012-07,Canada,Gross domestic product at market prices,1942672.0
2012-10,Canada,Gross domestic product at market prices,1946670.0
2013-01,Canada,Gross domestic product at market prices,1964095.0
2013-04,Canada,Gross domestic product at market prices,1975406.0
2013-07,Canada,Gross domestic product at market prices,1991650.0
2013-10,Canada,Gross domestic product at market prices,2012494.0
2014-01,Canada,Gross domestic product at market prices,2015895.0
2014-04,Canada,Gross domestic product at market prices,2034271.0
2014-07,Canada,Gross domestic product at market prices,2053771.0
2014-10,Canada,Gross domestic product at market prices,2067966.0
2015-01,Canada,Gross domestic product at market prices,2056452.0
2015-04,Canada,Gross domestic product at market prices,2050838.0
2015-07,Canada,Gross domestic product at market prices,2058182.0
2015-10,Canada,Gross domestic product at market prices,2059546.0
2016-01,Canada,Gross domestic product at market prices,2071732.0
2016-04,Canada,Gross domestic product at market prices,2061412.0
2016-07,Canada,Gross domestic product at market prices,2082805.0
2016-10,Canada,Gross domestic product at market prices,2094490.0
2017-01,Canada,Gross domestic product at market prices,2120843.0
2017-04,Canada,Gross domestic product at market prices,2143166.0
2017-07,Canada,Gross domestic product at market prices,2143839.0
2017-10,Canada,Gross domestic product at market prices,2154716.0
2018-01,Canada,Gross domestic product at market prices,2179765.0
2018-04,Canada,Gross domestic product at market prices,2196768.0
2018-07,Canada,Gross domestic product at market prices,2207849.0
2018-10,Canada,Gross domestic product at market prices,2213050.0
2019-01,Canada,Gross domestic product at market prices,2218376.0
2019-04,Canada,Gross domestic product at market prices,2242662.0
2019-07,Canada,Gross domestic product at market prices,2248933.0
2019-10,Canada,Gross domestic product at market prices,2255354.0
2020-01,Canada,Gross domestic product at market prices,2211376.0
2020-04,Canada,Gross domestic product at market prices,1968126.0
2020-07,Canada,Gross domestic product at market prices,2146901.0
2020-10,Canada,Gross domestic product at market prices,2187228.0
2021-01,Canada,Gross domestic product at market prices,2224489.0
2021-04,Canada,Gross domestic product at market prices,2221882.0
2021-07,Canada,Gross domestic product at market prices,2266642.0
2021-10,Canada,Gross domestic product at market prices,2307224.0
2022-01,Canada,Gross domestic product at market prices,2331146.0
2022-04,Canada,Gross domestic product at market prices,2357666.0
2022-07,Canada,Gross domestic product at market prices,2376734.0
2022-10,Canada,Gross domestic product at market prices,2378229.0
2023-01,Canada,Gross domestic product at market prices,2403264.0
2023-04,Canada,Gross domestic product at market prices,2407099.0
2023-07,Canada,Gross domestic product at market prices,2408306.0
2023-10,Canada,Gross domestic product at market prices,2409551.0
2024-01,Canada,Gross domestic product at market prices,2427108.0
2024-04,Canada,Gross domestic product at market prices,2446913.0
2024-07,Canada,Gross domestic product at market prices,2466957.0
2024-10,Canada,Gross domestic product at market prices,2484261.0
2025-01,Canada,Gross domestic product at market prices,2502038.0
2025-04,Canada,Gross domestic product at market prices,2495975.0
2025-07,Canada,Gross domestic product at market prices,2507754.0
2025-10,Canada,Gross domestic product at market prices,2501573.0
2026-01,Canada,Gross domestic product at market prices,2503604.0
2026-04,Canada,Gross domestic product at market prices,2524127.0
